{
  "threshold": 0.30323776602745056,
  "precision": 0.9001827318410233,
  "recall": 0.917364990689013,
  "f1": 0.9086926446847663
}